segment,revenue_by_segment,avg_order_value_segment
Churn Risk,15963913.779999992,2244.01
Regular,13633713.380000006,2549.31
Loyal,12567660.68999999,3679.06
High Value,758559.4399999996,6539.31
